<?xml version="1.0" encoding="UTF-8"?>
<addon id="game.libretro.fsuae" name="Amiga (FS-UAE)" version="0.0.0.108" provider-name="Libretro">
  <requires>
    <import addon="game.libretro" version="1.0.0"/>
    <import addon="game.controller.default" version="1.0.0"/>
    <import addon="game.controller.keyboard" version="1.0.0"/>
    <import addon="game.controller.mouse" version="1.0.0"/>
  </requires>
  <extension point="kodi.gameclient" library_linux="game.libretro.fsuae.so">
    <platforms/>
    <extensions>fs-uae</extensions>
    <supports_vfs>false</supports_vfs>
    <supports_standalone>false</supports_standalone>
    <supports_keyboard>false</supports_keyboard>
    <supports_mouse>false</supports_mouse>
  </extension>
  <extension point="xbmc.addon.metadata">
    <summary lang="en">Amiga (FS-UAE)</summary>
    <description>UAE stands for the Ubiquitous Amiga Emulator. FS-UAE is a cross-platform port of UAE to the libretro API.

Based on FS-UAE 2.8.1u5 (fs-uae.net)

Supported file: .fs-uae</description>
    <license>GPLv2</license>
    <platform/>
  </extension>
</addon>
