<?xml version="1.0" encoding="UTF-8" standalone="yes"?>
<addon id="service.tigervnc"
       name="TigerVNC"
       version="10.0.0.105"
       provider-name="Team LibreELEC">
  <requires>
    <import addon="xbmc.python" version="3.0.0"/>

  </requires>
  <extension point="xbmc.service" library="default.py">
    <provides></provides>
  </extension>
  <extension point="xbmc.addon.metadata">
    <summary> server</summary>
    <description>
 (1.10.1) is a high-performance, platform-neutral implementation of Virtual Network Computing, a client/server application that allows users to launch and interact with graphical applications on remote machines
    </description>
    <disclaimer>

    </disclaimer>
    <platform>all</platform>
    <news>
105
- Update to 1.10.1

103
- Update to 1.9.0

102
- Update to 1.8.0

101
- update to 1.7.1

100
- Initial addon
    </news>
    <assets>
      <icon>resources/icon.png</icon>
      <fanart>resources/fanart.png</fanart>

    </assets>
  </extension>
</addon>
