<settings version="2">
    <setting id="CUST_AUDIODEVICE_STR" default="true"></setting>
    <setting id="HIDE_CURSOR" default="true">false</setting>
    <setting id="HOMEPAGE" default="true">https://libreelec.tv</setting>
    <setting id="PAUSE_XBMC">true</setting>
    <setting id="RASTER_MODE" default="true">default</setting>
    <setting id="USE_CUST_AUDIODEVICE" default="true">false</setting>
    <setting id="VAAPI_MODE" default="true">intel</setting>
    <setting id="WINDOW_MODE" default="true">maximized</setting>
    <setting id="DARK_MODE" default="true">false</setting>   
    <setting id="USE_CUST_USERAGENT" default="true">false</setting>
    <setting id="CUST_USERAGENT_STR" default="true">Mozilla/5.0 (X11; Linux x86_64) AppleWebKit/537.36 (KHTML, like Gecko) Chrome/96.0.4664.45</setting>
</settings>
