<?xml version="1.0" encoding="UTF-8" standalone="yes"?>
<addon id="service.bluetooth-audio"
       name="Bluetooth Audio Device Changer"
       version="10.0.0.102"
       provider-name="Team LibreELEC">
  <requires>
    <import addon="xbmc.python" version="3.0.0"/>

  </requires>
  <extension point="xbmc.service" library="default.py">
    <provides></provides>
  </extension>
  <extension point="xbmc.addon.metadata">
    <summary>Provides the ability to change the kodi audio device if a bluetooth audio device is connected</summary>
    <description>
Provides the ability to change the kodi audio device if a bluetooth audio device is connected
    </description>
    <disclaimer>

    </disclaimer>
    <platform>all</platform>
    <news>
102
- Python 3 support
- Using separate dbus process

101
- Fix log errors

100
- Initial release
    </news>
    <assets>
      <icon>resources/icon.png</icon>
      <fanart>resources/fanart.png</fanart>

    </assets>
  </extension>
</addon>
