<?xml version="1.0" encoding="UTF-8" standalone="yes"?>
<addon id="tools.mono"
       name="Mono"
       version="10.0.0.100"
       provider-name="Team LibreELEC">
  <requires>
    <import addon="xbmc.python" version="3.0.0"/>

  </requires>
  <extension point="xbmc.service" library="default.py">
    <provides></provides>
  </extension>
  <extension point="xbmc.addon.metadata">
    <summary>Add-on removed</summary>
    <description>
Add-on removed
    </description>
    <disclaimer>

    </disclaimer>
    <broken>
Mono is no longer maintained and has been removed.
    </broken>
    <platform>all</platform>
    <news>

    </news>
    <assets>
      <icon>resources/icon.png</icon>
      <fanart>resources/fanart.png</fanart>

    </assets>
  </extension>
</addon>
