<?xml version="1.0" encoding="UTF-8"?>
<addon id="screensaver.greynetic" version="19.0.1.1" name="Greynetic" provider-name="spiff">
  <requires>
    <import addon="kodi.binary.global.main" minversion="1.2.0" version="1.3.0"/>
    <import addon="kodi.binary.global.gui" minversion="5.15.0" version="5.15.0"/>
    <import addon="kodi.binary.global.filesystem" minversion="1.1.0" version="1.1.6"/>
    <import addon="kodi.binary.instance.screensaver" minversion="2.1.0" version="2.1.0"/>
  </requires>
  <extension point="xbmc.ui.screensaver" library_linux="screensaver.greynetic.so.19.0.1"/>
  <extension point="xbmc.addon.metadata">
    <platform/>
    <license>GPL-2.0-or-later</license>
    <assets>
      <icon>resources/icon.png</icon>
      <fanart>resources/fanart.png</fanart>
      <screenshot>resources/screenshot-01.png</screenshot>
      <screenshot>resources/screenshot-02.jpg</screenshot>
      <screenshot>resources/screenshot-03.png</screenshot>
    </assets>
    <summary lang="da_DK">Tegn tilfældige farverektangler</summary>
    <summary lang="de_DE">Zeichnet zufällige Farbrechtecke</summary>
    <summary lang="en_GB">Draw random color rectangles</summary>
    <summary lang="zh_CN">绘制随机彩色矩形</summary>
    <description lang="da_DK">Farvede og gennemsigtige rektangler.</description>
    <description lang="de_DE">Farbige und transparente Rechtecke.</description>
    <description lang="en_GB">Colored and transparent rectangles.</description>
    <description lang="zh_CN">多彩透明矩形。</description>
  </extension>
</addon>
