<?xml version="1.0" encoding="UTF-8"?>
<addon id="screensaver.stars" version="19.0.0.1" name="Stars" provider-name="Team Kodi">
  <requires>
    <import addon="kodi.binary.global.main" minversion="1.2.0" version="1.3.0"/>
    <import addon="kodi.binary.global.gui" minversion="5.15.0" version="5.15.0"/>
    <import addon="kodi.binary.global.filesystem" minversion="1.1.0" version="1.1.6"/>
    <import addon="kodi.binary.instance.screensaver" minversion="2.1.0" version="2.1.0"/>
  </requires>
  <extension point="xbmc.ui.screensaver" library_linux="screensaver.stars.so.19.0.0"/>
  <extension point="xbmc.addon.metadata">
    <platform/>
    <license>GPL-2.0-or-later</license>
    <source>https://github.com/xbmc/visualization.stars</source>
    <assets>
      <icon>resources/icon.png</icon>
      <fanart>resources/fanart.png</fanart>
      <screenshot>resources/screenshot-01.png</screenshot>
      <screenshot>resources/screenshot-02.png</screenshot>
      <screenshot>resources/screenshot-03.png</screenshot>
    </assets>
    <summary lang="da_DK">Stjerne-pauseskærm</summary>
    <summary lang="de_DE">Stars Bildschirmschoner</summary>
    <summary lang="en_GB">Stars screensaver</summary>
    <summary lang="ko_KR">별 화면 보호기</summary>
    <description lang="da_DK">En pauseskærm, der lader dig flyve gennem stjernerne.</description>
    <description lang="de_DE">Ein Bildschirmschoner, mit dem Sie durch die Sterne fliegen können.</description>
    <description lang="en_GB">A screensaver that lets you fly through the stars.</description>
    <description lang="ko_KR">별 사이로 날아가는 화면 보호기.</description>
  </extension>
</addon>
