<?xml version="1.0" encoding="UTF-8" standalone="yes"?>
<addon id="service.rsyslog"
       name="Rsyslog"
       version="10.0.0.109"
       provider-name="Team LibreELEC">
  <requires>
    <import addon="xbmc.python" version="3.0.0"/>

  </requires>
  <extension point="xbmc.service" library="default.py">
    <provides></provides>
  </extension>
  <extension point="xbmc.addon.metadata">
    <summary>Rsyslog: a rocket-fast system for log processing.</summary>
    <description>
Rsyslog (8.2112.0) offers high-performance, great security features and a modular design.
    </description>
    <disclaimer>

    </disclaimer>
    <platform>all</platform>
    <news>
109
- rsyslog: update to 8.2112.0

108
- rsyslog: update to 8.2106.0

107
- librelp: update to 1.10.0
- rsyslog: update to 8.2102.0

106
- libfastjson: update to 0.99.9

105
- rsyslog: update to 8.2012.0

104
- rsyslog: update to 8.37.0

103
- Rebuild

102
- Add first run wizard configuration menu

101
- Add RELP Protocol
- Add ability to compress messages using TCP/UDP protocols
- Update configuration files using newer standards

100
- Initial addon
    </news>
    <assets>
      <icon>resources/icon.png</icon>
      <fanart>resources/fanart.png</fanart>

    </assets>
  </extension>
</addon>
