<?xml version="1.0" encoding="UTF-8"?>
<addon id="screensaver.pyro" version="19.0.1.1" name="Pyro" provider-name="Team Kodi">
  <requires>
    <import addon="kodi.binary.global.main" minversion="1.2.0" version="1.3.0"/>
    <import addon="kodi.binary.global.gui" minversion="5.15.0" version="5.15.0"/>
    <import addon="kodi.binary.global.filesystem" minversion="1.1.0" version="1.1.6"/>
    <import addon="kodi.binary.instance.screensaver" minversion="2.1.0" version="2.1.0"/>
  </requires>
  <extension point="xbmc.ui.screensaver" library_linux="screensaver.pyro.so.19.0.1"/>
  <extension point="xbmc.addon.metadata">
    <platform/>
    <license>GPL-2.0-or-later</license>
    <source>https://github.com/xbmc/screensaver.pyro</source>
    <assets>
      <icon>resources/icon.png</icon>
      <fanart>resources/fanart.png</fanart>
      <screenshot>resources/screenshot-01.png</screenshot>
      <screenshot>resources/fanart.png</screenshot>
      <screenshot>resources/screenshot-02.png</screenshot>
    </assets>
    <summary lang="da_DK">Pyro pauseskærm</summary>
    <summary lang="de_DE">Pyro Bildschirmschoner</summary>
    <summary lang="en_GB">Pyro screensaver</summary>
    <summary lang="ko_KR">파이로 화면 보호기</summary>
    <summary lang="zh_CN">Pyro 屏幕保护程序</summary>
    <description lang="da_DK">Pyro-pauseskærmen simulerer fyrværkeri.</description>
    <description lang="de_DE">Der Pyro-Bildschirmschoner simuliert ein Feuerwerk.</description>
    <description lang="en_GB">The pyro screensaver simulates fireworks.</description>
    <description lang="ko_KR">파이로 화면 보호기는 불꽃놀이를 시뮬레이션합니다.</description>
    <description lang="zh_CN">Pyro 屏幕保护程序模拟焰火。</description>
  </extension>
</addon>
