<?xml version="1.0" encoding="UTF-8" standalone="yes"?>
<addon id="service.tvheadend43" name="Tvheadend Server 4.3 (Alpha)" version="10.0.0.102" provider-name="Team LibreELEC">
  <requires><import addon="xbmc.python" version="3.0.0"/>

  </requires>
  <extension point="xbmc.service" library="default.py">
    <provides></provides>
  </extension>
  <extension point="xbmc.python.script" library="download.py">
    <provides></provides>
  </extension>
  <extension point="xbmc.addon.metadata">
    <summary>Tvheadend: a TV streaming server for Linux</summary>
    <description>
Tvheadend (4.3-1979): is a TV streaming server for Linux supporting DVB-S/S2, DVB-C, DVB-T/T2, IPTV, SAT>IP, ATSC and ISDB-T
    </description>
    <disclaimer>

    </disclaimer>
    <platform>all</platform>
    <news>
102
- Update to 4.3-1979
- include missing x254 library for Generic

101
- Update to 4.3-1967

100
- initial LibreELEC version
    </news>
    <assets><icon>resources/icon.png</icon><fanart>resources/fanart.png</fanart>
<screenshot>resources/screenshot-01.png</screenshot>
<screenshot>resources/screenshot-02.png</screenshot>
<screenshot>resources/screenshot-03.png</screenshot>
<screenshot>resources/screenshot-04.png</screenshot>

    </assets>
  </extension>
</addon>
