<?xml version="1.0" encoding="UTF-8"?>
<addon id="screensaver.pingpong" version="19.0.1.1" name="Ping Pong" provider-name="Team Kodi">
  <requires>
    <import addon="kodi.binary.global.main" minversion="1.2.0" version="1.3.0"/>
    <import addon="kodi.binary.global.gui" minversion="5.15.0" version="5.15.0"/>
    <import addon="kodi.binary.global.filesystem" minversion="1.1.0" version="1.1.6"/>
    <import addon="kodi.binary.instance.screensaver" minversion="2.1.0" version="2.1.0"/>
  </requires>
  <extension point="xbmc.ui.screensaver" library_linux="screensaver.pingpong.so.19.0.1"/>
  <extension point="xbmc.addon.metadata">
    <platform/>
    <license>GPL-2.0-or-later</license>
    <source>https://github.com/xbmc/screensaver.pingpong</source>
    <assets>
      <icon>resources/icon.png</icon>
    </assets>
    <summary lang="da_DK">Ping Pong pauseskærm</summary>
    <summary lang="de_DE">Ping Pong Bildschirmschoner</summary>
    <summary lang="en_GB">Ping Pong screensaver</summary>
    <summary lang="zh_CN">乒乓球屏保</summary>
    <description lang="da_DK">Lad en bold springe frem og tilbage.</description>
    <description lang="de_DE">Lässt einen Ball hin und her springen.</description>
    <description lang="en_GB">Lets a ball jump back and forth.</description>
    <description lang="zh_CN">让球来回弹跳。</description>
  </extension>
</addon>
